[
  { "from": "Medellín", "to": "Cocorná", "mode": "bus" },
  { "from": "Cocorná", "to": "Medellín", "mode": "bus" },
  { "from": "Medellín", "to": "Santa Marta", "mode": "flight" },
  { "from": "Santa Marta", "to": "Riohacha", "mode": "motor" },
  { "from": "Riohacha", "to": "Cabo de la Vela", "mode": "motor" },
  { "from": "Cabo de la Vela", "to": "Costeño Beach", "mode": "motor" },
  { "from": "Costeño Beach", "to": "Cartagena", "mode": "bus" },
  { "from": "Cartagena", "to": "Quito", "mode": "flight" },
  { "from": "Quito", "to": "Quilotoa-kratermeer", "mode": "motor" },
  { "from": "Quilotoa-kratermeer", "to": "Llullu Llama Lodge (Isinliví)", "mode": "motor" },
  { "from": "Llullu Llama Lodge (Isinliví)", "to": "Quito", "mode": "motor" },
  { "from": "Quito", "to": "Santa Cruz (Galápagos)", "mode": "flight" },
  { "from": "Santa Cruz (Galápagos)", "to": "Isabela (Puerto Villamil)", "mode": "boat" },
  { "from": "Isabela (Puerto Villamil)", "to": "Santa Cruz (Galápagos)", "mode": "boat" },
  { "from": "Santa Cruz (Galápagos)", "to": "San Cristóbal (Puerto Baquerizo Moreno)", "mode": "boat" },
  { "from": "San Cristóbal (Puerto Baquerizo Moreno)", "to": "Guayaquil", "mode": "flight" },
  { "from": "Guayaquil", "to": "Máncora", "mode": "bus" },
  { "from": "Máncora", "to": "Huanchaco", "mode": "bus" },
  { "from": "Huanchaco", "to": "Huaraz", "mode": "bus" },
  { "from": "Huaraz", "to": "Lima", "mode": "bus" },
  { "from": "Lima", "to": "Cusco", "mode": "flight" },
  { "from": "Cusco", "to": "Isla del Sol", "mode": "bus" },
  { "from": "Isla del Sol", "to": "La Paz", "mode": "bus" },
  { "from": "La Paz", "to": "Uyuni", "mode": "car" },
  { "from": "Uyuni", "to": "San Pedro de Atacama", "mode": "car" },
  { "from": "San Pedro de Atacama", "to": "Chañaral", "mode": "car" },
  { "from": "Chañaral", "to": "Parque Nacional Pan de Azúcar", "mode": "car" },
  { "from": "Parque Nacional Pan de Azúcar", "to": "Calama", "mode": "car" },
  { "from": "Calama", "to": "Sucre", "mode": "bus" },
  { "from": "Sucre", "to": "Santa Cruz de la Sierra", "mode": "bus" },
  { "from": "Santa Cruz de la Sierra", "to": "Corumbá (grens Brazilië)", "mode": "bus" },
  { "from": "Corumbá (grens Brazilië)", "to": "São Paulo", "mode": "bus" },
  { "from": "São Paulo", "to": "Rio de Janeiro", "mode": "bus" },
  { "from": "Rio de Janeiro", "to": "Salvador", "mode": "flight" },
  { "from": "Salvador", "to": "Itacaré", "mode": "bus" }
]
